preset_name,opening_name,agent_color,outcome,score,plies,agent_moves,agent_avg_time_s,agent_avg_nodes,engine_avg_time_s
mm_d2,Starting Position,white,loss,0.0,158,79,0.05466500632913186,769.3924050632911,0.0
mm_d2,Starting Position,black,loss,0.0,79,39,0.09681853333327475,1259.5641025641025,0.0
mm_d2,Italian Game,white,loss,0.0,80,37,0.09182064054061197,1203.4594594594594,0.0
mm_d2,Italian Game,black,loss,0.0,25,9,0.07525965555537874,821.6666666666666,0.0
mm_d2,Queen's Gambit Declined,white,loss,0.0,108,51,0.07371379019607012,981.8627450980392,0.0
mm_d2,Queen's Gambit Declined,black,loss,0.0,107,50,0.06299850999999762,808.94,0.0
mm_d2,Sicilian Defence (Najdorf),white,win,1.0,27,9,0.11567880000004355,1433.2222222222222,0.0
mm_d2,Sicilian Defence (Najdorf),black,draw,0.5,148,69,0.05550726376808914,726.3188405797101,0.0
mm_d2,French Defence (Advance),white,loss,0.0,164,79,0.045251939240510575,616.6962025316456,0.0
mm_d2,French Defence (Advance),black,loss,0.0,33,14,0.09248804999983154,1030.142857142857,0.0
mm_d2,Caro-Kann Defence,white,loss,0.0,42,18,0.09472130555559488,1127.388888888889,0.0
mm_d2,Caro-Kann Defence,black,loss,0.0,169,81,0.056712261728456344,763.9012345679013,0.0
mm_d2,Ruy Lopez (Morphy Defense),white,loss,0.0,64,29,0.09662946896561811,1334.103448275862,0.0
mm_d2,Ruy Lopez (Morphy Defense),black,loss,0.0,75,34,0.08912537352949478,1119.7058823529412,0.0
mm_d2,Slav Defense,white,loss,0.0,44,20,0.10432133500007694,1348.7,0.0
mm_d2,Slav Defense,black,loss,0.0,63,29,0.051931786206892115,767.3793103448276,0.0
mm_d2,King's Indian Defense,white,loss,0.0,82,39,0.07546501794877258,1124.0,0.0
mm_d2,King's Indian Defense,black,loss,0.0,59,27,0.08393795185195442,1083.111111111111,0.0
mm_d2,Nimzo-Indian Defense,white,loss,0.0,174,84,0.06886681666667625,1070.0119047619048,0.0
mm_d2,Nimzo-Indian Defense,black,draw,0.5,76,35,0.08614641714281918,1169.2571428571428,0.0
mm_d2,English Opening (Symmetrical),white,win,1.0,25,11,0.07977811818206894,1085.7272727272727,0.0
mm_d2,English Opening (Symmetrical),black,loss,0.0,171,83,0.04931387349400879,725.8313253012049,0.0
mm_d2,Grunfeld Defense,white,draw,0.5,65,30,0.06917770999998538,1048.7333333333333,0.0
mm_d2,Grunfeld Defense,black,loss,0.0,149,71,0.047219774647895923,718.6901408450705,0.0
mm_d2,Reti Opening,white,draw,0.5,148,73,0.04841595753429193,758.5890410958904,0.0
mm_d2,Reti Opening,black,loss,0.0,85,41,0.07225079999998121,1078.7560975609756,0.0
mm_d2,Alekhine's Defense,white,draw,0.5,41,19,0.06749670000006422,1036.1052631578948,0.0
mm_d2,Alekhine's Defense,black,win,1.0,80,39,0.0807556717949037,1216.974358974359,0.0
mm_d2,Modern Defense,white,loss,0.0,122,60,0.053583133333298366,852.45,0.0
mm_d2,Modern Defense,black,win,1.0,138,68,0.06780956029414857,946.6764705882352,0.0
mm_d2,Pirc Defense,white,draw,0.5,232,114,0.03287597368421701,541.280701754386,0.0
mm_d2,Pirc Defense,black,loss,0.0,37,16,0.09265499375004538,1291.25,0.0
mm_d2,Scandinavian Defense,white,loss,0.0,128,62,0.055631808064522524,880.8387096774194,0.0
mm_d2,Scandinavian Defense,black,loss,0.0,49,23,0.07852582173927658,1215.5217391304348,0.0
mm_d2,Dutch Defense,white,loss,0.0,138,68,0.06171536470592668,902.1617647058823,0.0
mm_d2,Dutch Defense,black,win,1.0,82,40,0.09528225250005562,1411.5,0.0
mm_d2,Benoni Defense,white,loss,0.0,76,35,0.08889832285718252,1345.6285714285714,0.0
mm_d2,Benoni Defense,black,loss,0.0,109,51,0.08338470588232132,1165.9411764705883,0.0
mm_d2,Benko Gambit,white,loss,0.0,132,63,0.04877467460306752,781.8730158730159,0.0
mm_d2,Benko Gambit,black,loss,0.0,31,12,0.06858290833330709,993.75,0.0
mm_d2,Vienna Game,white,loss,0.0,104,50,0.04644872999995641,735.24,0.0
mm_d2,Vienna Game,black,loss,0.0,69,32,0.08563210624998874,1209.6875,0.0
mm_d2,Bishop's Opening,white,win,1.0,67,32,0.07988218125009894,1231.46875,0.0
mm_d2,Bishop's Opening,black,draw,0.5,91,44,0.06901783863633103,1002.8409090909091,0.0
mm_d2,Four Knights Game,white,loss,0.0,52,23,0.06444639130428265,1003.3478260869565,0.0
mm_d2,Four Knights Game,black,loss,0.0,91,43,0.06336261860466293,959.3023255813954,0.0
mm_d2,Scotch Game,white,loss,0.0,44,19,0.11015624210530835,1578.2631578947369,0.0
mm_d2,Scotch Game,black,loss,0.0,33,14,0.07312720000007696,1069.7857142857142,0.0
mm_d2,Philidor Defense,white,loss,0.0,72,34,0.0778741029411161,1135.5,0.0
mm_d2,Philidor Defense,black,loss,0.0,35,15,0.09865681333327908,1423.2666666666667,0.0
mm_d2,Petrov's Defense,white,draw,0.5,227,111,0.0397017189188855,593.7387387387388,0.0
mm_d2,Petrov's Defense,black,draw,0.5,147,70,0.04958073571433488,710.0857142857143,0.0
mm_d2,Giuoco Piano,white,loss,0.0,72,33,0.07405479999998175,1070.3939393939395,0.0
mm_d2,Giuoco Piano,black,loss,0.0,159,76,0.044890744736867896,632.4473684210526,0.0
mm_d2,Two Knights Defense,white,win,1.0,79,36,0.07630767777780217,1129.3333333333333,0.0
mm_d2,Two Knights Defense,black,win,1.0,58,25,0.049457571999955686,703.2,0.0
mm_d2,Evan's Gambit,white,loss,0.0,56,24,0.08206972083329826,1193.5,0.0
mm_d2,Evan's Gambit,black,loss,0.0,61,27,0.10605022962981484,1415.8148148148148,0.0
mm_d2,King's Gambit Accepted,white,loss,0.0,44,20,0.08573451500010379,1216.55,0.0
mm_d2,King's Gambit Accepted,black,loss,0.0,45,20,0.07351982999998655,991.8,0.0
mm_d2,Danish Gambit,white,loss,0.0,56,25,0.06268618400019477,899.16,0.0
mm_d2,Danish Gambit,black,loss,0.0,71,33,0.09923526666672401,1358.6969696969697,0.0
mm_d2,Catalan Opening,white,loss,0.0,146,71,0.03724941408443197,509.2957746478873,0.0
mm_d2,Catalan Opening,black,loss,0.0,137,66,0.06599741666664297,872.6060606060606,0.0
mm_d2,Bogo-Indian Defense,white,loss,0.0,180,87,0.047603595402297395,678.471264367816,0.0
mm_d2,Bogo-Indian Defense,black,win,1.0,60,27,0.09764602222225625,1231.7777777777778,0.0
mm_d2,Queen's Indian Defense,white,win,1.0,43,19,0.1069831000000034,1312.842105263158,0.0
mm_d2,Queen's Indian Defense,black,draw,0.5,128,61,0.07938835737706064,1076.8524590163934,0.0
mm_d2,Trompowsky Attack,white,loss,0.0,76,37,0.06581738378382225,910.1621621621622,0.0
mm_d2,Trompowsky Attack,black,loss,0.0,81,39,0.07164379230765078,931.974358974359,0.0
mm_d2,London System,white,win,1.0,49,22,0.08668902272748627,1167.0454545454545,0.0
mm_d2,London System,black,loss,0.0,41,18,0.08737725000001875,1142.7222222222222,0.0
mm_d2,Colle System,white,win,1.0,53,24,0.10175457916655735,1445.9583333333333,0.0
mm_d2,Colle System,black,loss,0.0,163,79,0.07403078987347646,961.493670886076,0.0
mm_d2,Torre Attack,white,draw,0.5,67,32,0.06551855312503108,887.8125,0.0
mm_d2,Torre Attack,black,loss,0.0,61,28,0.07631212142853526,1012.8214285714286,0.0
mm_d2,Richter-Veresov Attack,white,win,1.0,59,28,0.08975194642864283,1272.9642857142858,0.0
mm_d2,Richter-Veresov Attack,black,win,1.0,226,111,0.05549798558554398,787.1531531531532,0.0
mm_d2,Blackmar-Diemer Gambit,white,loss,0.0,114,56,0.08504694107149849,1242.9285714285713,0.0
mm_d2,Blackmar-Diemer Gambit,black,loss,0.0,67,32,0.07394769375008536,1012.15625,0.0
mm_d2,Bird's Opening,white,loss,0.0,114,56,0.08453712142862255,1246.0,0.0
mm_d2,Bird's Opening,black,loss,0.0,69,34,0.1044702617647518,1447.4411764705883,0.0
mm_d2,Larsen's Opening,white,loss,0.0,66,32,0.07832405625001115,1075.46875,0.0
mm_d2,Larsen's Opening,black,loss,0.0,43,21,0.07363941904770313,1013.3809523809524,0.0
mm_d2,Sokolsky Opening,white,draw,0.5,156,77,0.059630759740283285,888.961038961039,0.0
mm_d2,Sokolsky Opening,black,win,1.0,56,28,0.06690114642853066,968.4642857142857,0.0
mm_d2,Grob's Attack,white,win,1.0,87,43,0.061877058139522656,900.8372093023256,0.0
mm_d2,Grob's Attack,black,loss,0.0,167,83,0.052249153012013834,735.9156626506024,0.0
mm_d2,Clemenz Opening,white,loss,0.0,130,64,0.06295725156249432,939.875,0.0
mm_d2,Clemenz Opening,black,loss,0.0,93,46,0.07791912391299459,1115.304347826087,0.0
mm_d2,Amar Opening,white,loss,0.0,88,43,0.10781919999994158,1546.093023255814,0.0
mm_d2,Amar Opening,black,loss,0.0,29,14,0.05772425714290615,774.4285714285714,0.0
mm_d2,Desprez Opening,white,win,1.0,71,35,0.08537046285720343,1164.6,0.0
mm_d2,Desprez Opening,black,loss,0.0,53,26,0.0704365115384812,894.4615384615385,0.0
mm_d2,Tarrasch Defense,white,loss,0.0,50,22,0.06441330000015197,876.5,0.0
mm_d2,Tarrasch Defense,black,loss,0.0,57,25,0.06982537600008072,958.92,0.0
mm_d2,Semi-Slav Defense,white,loss,0.0,58,26,0.11177433461531248,1558.3846153846155,0.0
mm_d2,Semi-Slav Defense,black,loss,0.0,103,48,0.047240756250005234,672.0625,0.0
mm_d2,QGA (Queen's Gambit Accepted),white,draw,0.5,158,77,0.047172790909082156,691.6363636363636,0.0
mm_d2,QGA (Queen's Gambit Accepted),black,loss,0.0,69,32,0.07522808750007925,1019.78125,0.0
mm_d2,Chigorin Defense,white,loss,0.0,88,42,0.047877983333278064,676.3095238095239,0.0
mm_d2,Chigorin Defense,black,loss,0.0,159,77,0.06620335974028942,870.038961038961,0.0
ab_d2,Starting Position,white,loss,0.0,120,60,0.043550891666670095,595.45,0.0
ab_d2,Starting Position,black,loss,0.0,101,50,0.02961176400000113,382.22,0.0
ab_d2,Italian Game,white,loss,0.0,76,35,0.0486583228571752,663.3714285714286,0.0
ab_d2,Italian Game,black,loss,0.0,31,12,0.027719516666669126,360.0,0.0
ab_d2,Queen's Gambit Declined,white,draw,0.5,155,75,0.031554397333360004,461.26666666666665,0.0
ab_d2,Queen's Gambit Declined,black,loss,0.0,87,40,0.032177830000068755,440.4,0.0
ab_d2,Sicilian Defence (Najdorf),white,loss,0.0,48,19,0.07031594210519343,937.5263157894736,0.0
ab_d2,Sicilian Defence (Najdorf),black,loss,0.0,59,24,0.03080228750002334,430.6666666666667,0.0
ab_d2,French Defence (Advance),white,loss,0.0,54,24,0.06472698749992863,853.2083333333334,0.0
ab_d2,French Defence (Advance),black,loss,0.0,65,30,0.02594996666660639,360.6,0.0
ab_d2,Caro-Kann Defence,white,draw,0.5,264,129,0.020346327131776417,294.47286821705427,0.0
ab_d2,Caro-Kann Defence,black,draw,0.5,104,49,0.021331322448903088,289.14285714285717,0.0
ab_d2,Ruy Lopez (Morphy Defense),white,loss,0.0,42,18,0.04179411111115567,586.6666666666666,0.0
ab_d2,Ruy Lopez (Morphy Defense),black,loss,0.0,97,45,0.03487409777782078,439.1111111111111,0.0
ab_d2,Slav Defense,white,draw,0.5,175,86,0.030072693023326835,428.59302325581393,0.0
ab_d2,Slav Defense,black,loss,0.0,139,67,0.02241763134326848,306.13432835820896,0.0
ab_d2,King's Indian Defense,white,loss,0.0,96,46,0.07327193478257592,1015.2391304347826,0.0
ab_d2,King's Indian Defense,black,draw,0.5,77,36,0.026222713888879905,352.80555555555554,0.0
ab_d2,Nimzo-Indian Defense,white,loss,0.0,90,42,0.04651683095239821,606.9047619047619,0.0
ab_d2,Nimzo-Indian Defense,black,loss,0.0,101,47,0.019958423404282354,276.3829787234043,0.0
ab_d2,English Opening (Symmetrical),white,loss,0.0,66,31,0.03391485806455861,466.0967741935484,0.0
ab_d2,English Opening (Symmetrical),black,draw,0.5,180,88,0.015848594318196196,226.54545454545453,0.0
ab_d2,Grunfeld Defense,white,win,1.0,55,25,0.02617231600001105,379.76,0.0
ab_d2,Grunfeld Defense,black,loss,0.0,65,29,0.016802355172393587,230.79310344827587,0.0
ab_d2,Reti Opening,white,loss,0.0,194,96,0.014692272916685548,218.20833333333334,0.0
ab_d2,Reti Opening,black,loss,0.0,81,39,0.019869628205061673,273.7435897435897,0.0
ab_d2,Alekhine's Defense,white,draw,0.5,167,82,0.012063987804894412,172.03658536585365,0.0
ab_d2,Alekhine's Defense,black,loss,0.0,57,27,0.02462098888877841,310.3333333333333,0.0
ab_d2,Modern Defense,white,loss,0.0,172,85,0.04248182352939158,560.5058823529412,0.0
ab_d2,Modern Defense,black,loss,0.0,93,45,0.013020253333322924,198.42222222222222,0.0
ab_d2,Pirc Defense,white,loss,0.0,188,92,0.021080407608668913,312.0652173913044,0.0
ab_d2,Pirc Defense,black,loss,0.0,57,26,0.02827165769237511,380.88461538461536,0.0
ab_d2,Scandinavian Defense,white,loss,0.0,92,44,0.04956506363634038,682.7727272727273,0.0
ab_d2,Scandinavian Defense,black,win,1.0,80,39,0.030798084615246177,420.05128205128204,0.0
ab_d2,Dutch Defense,white,win,1.0,63,31,0.032595970967621166,446.48387096774195,0.0
ab_d2,Dutch Defense,black,loss,0.0,155,76,0.017979506578919762,237.0921052631579,0.0
ab_d2,Benoni Defense,white,loss,0.0,132,63,0.018923900000016956,274.93650793650795,0.0
ab_d2,Benoni Defense,black,win,1.0,78,36,0.025852380555534182,355.75,0.0
ab_d2,Benko Gambit,white,win,1.0,69,32,0.03455253437510919,468.96875,0.0
ab_d2,Benko Gambit,black,loss,0.0,97,45,0.020712302222252926,287.1111111111111,0.0
ab_d2,Vienna Game,white,draw,0.5,109,53,0.05059506415096312,690.2641509433962,0.0
ab_d2,Vienna Game,black,loss,0.0,169,82,0.011178197561005108,162.0121951219512,0.0
ab_d2,Bishop's Opening,white,loss,0.0,50,23,0.03867608695651617,528.1739130434783,0.0
ab_d2,Bishop's Opening,black,win,1.0,140,69,0.01120175217385912,156.0,0.0
ab_d2,Four Knights Game,white,draw,0.5,165,80,0.021969992499975888,326.4625,0.0
ab_d2,Four Knights Game,black,loss,0.0,47,21,0.023221347618995684,315.95238095238096,0.0
ab_d2,Scotch Game,white,draw,0.5,129,62,0.03409654999995837,488.38709677419354,0.0
ab_d2,Scotch Game,black,loss,0.0,69,32,0.04348009062502456,581.78125,0.0
ab_d2,Philidor Defense,white,win,1.0,63,30,0.0389913633333587,540.7333333333333,0.0
ab_d2,Philidor Defense,black,win,1.0,56,26,0.017194257692293692,233.5,0.0
ab_d2,Petrov's Defense,white,loss,0.0,118,56,0.04097370892868314,572.4821428571429,0.0
ab_d2,Petrov's Defense,black,draw,0.5,100,47,0.0196127297872892,272.17021276595744,0.0
ab_d2,Giuoco Piano,white,loss,0.0,66,30,0.05560979666655233,734.6,0.0
ab_d2,Giuoco Piano,black,loss,0.0,131,62,0.01871145483873108,263.33870967741933,0.0
ab_d2,Two Knights Defense,white,loss,0.0,68,30,0.038508770000044025,547.0333333333333,0.0
ab_d2,Two Knights Defense,black,loss,0.0,59,25,0.027879184000012172,373.12,0.0
ab_d2,Evan's Gambit,white,loss,0.0,156,74,0.027621063513539115,384.8918918918919,0.0
ab_d2,Evan's Gambit,black,loss,0.0,87,40,0.020775125000136542,275.2,0.0
ab_d2,King's Gambit Accepted,white,loss,0.0,30,13,0.019257753846082217,291.6923076923077,0.0
ab_d2,King's Gambit Accepted,black,win,1.0,24,10,0.01588283999981286,232.9,0.0
ab_d2,Danish Gambit,white,loss,0.0,114,54,0.028026851851841963,413.3703703703704,0.0
ab_d2,Danish Gambit,black,win,1.0,68,32,0.02762081562491403,331.34375,0.0
ab_d2,Catalan Opening,white,loss,0.0,44,20,0.047279639999987924,598.7,0.0
ab_d2,Catalan Opening,black,draw,0.5,90,43,0.02932983953497717,381.69767441860466,0.0
ab_d2,Bogo-Indian Defense,white,loss,0.0,56,25,0.02899109199999657,387.84,0.0
ab_d2,Bogo-Indian Defense,black,win,1.0,148,71,0.023648197183076623,319.3521126760563,0.0
ab_d2,Queen's Indian Defense,white,draw,0.5,65,30,0.033988956666689774,468.76666666666665,0.0
ab_d2,Queen's Indian Defense,black,loss,0.0,71,32,0.03450166562501522,457.0625,0.0
ab_d2,Trompowsky Attack,white,draw,0.5,240,119,0.026934704201687223,387.2352941176471,0.0
ab_d2,Trompowsky Attack,black,loss,0.0,69,33,0.023696139393877907,336.3333333333333,0.0
ab_d2,London System,white,loss,0.0,38,16,0.03437878124998406,496.6875,0.0
ab_d2,London System,black,win,1.0,74,35,0.02561230857146646,329.22857142857146,0.0
ab_d2,Colle System,white,loss,0.0,64,29,0.04632476206903636,614.9655172413793,0.0
ab_d2,Colle System,black,loss,0.0,55,25,0.02399371200001042,319.68,0.0
ab_d2,Torre Attack,white,win,1.0,89,43,0.030443995348811537,413.74418604651163,0.0
ab_d2,Torre Attack,black,loss,0.0,39,17,0.017779705882276176,246.47058823529412,0.0
ab_d2,Richter-Veresov Attack,white,draw,0.5,157,77,0.03076630519480169,437.5584415584416,0.0
ab_d2,Richter-Veresov Attack,black,loss,0.0,117,56,0.022126803571495657,310.0357142857143,0.0
ab_d2,Blackmar-Diemer Gambit,white,loss,0.0,56,27,0.044871766666532226,585.0370370370371,0.0
ab_d2,Blackmar-Diemer Gambit,black,loss,0.0,145,71,0.027840225352110153,377.7042253521127,0.0
ab_d2,Bird's Opening,white,loss,0.0,68,33,0.03431678484855982,485.4848484848485,0.0
ab_d2,Bird's Opening,black,loss,0.0,75,37,0.020368505405319925,297.27027027027026,0.0
ab_d2,Larsen's Opening,white,loss,0.0,114,56,0.04602572321428917,631.6964285714286,0.0
ab_d2,Larsen's Opening,black,loss,0.0,145,72,0.019350823611161003,267.7083333333333,0.0
ab_d2,Sokolsky Opening,white,loss,0.0,70,34,0.020629647058847372,269.38235294117646,0.0
ab_d2,Sokolsky Opening,black,loss,0.0,249,124,0.014495586290268552,202.30645161290323,0.0
ab_d2,Grob's Attack,white,loss,0.0,48,23,0.03835966086942632,528.6086956521739,0.0
ab_d2,Grob's Attack,black,loss,0.0,69,34,0.025851644117638524,317.0,0.0
ab_d2,Clemenz Opening,white,loss,0.0,54,26,0.05342724230768699,726.0384615384615,0.0
ab_d2,Clemenz Opening,black,loss,0.0,71,35,0.0323285628571674,422.42857142857144,0.0
ab_d2,Amar Opening,white,loss,0.0,112,55,0.02345303272729573,343.05454545454546,0.0
ab_d2,Amar Opening,black,win,1.0,74,37,0.029500929729717452,367.0810810810811,0.0
ab_d2,Desprez Opening,white,loss,0.0,72,35,0.03974651142871153,519.7714285714286,0.0
ab_d2,Desprez Opening,black,loss,0.0,81,40,0.027811004999989564,378.625,0.0
ab_d2,Tarrasch Defense,white,loss,0.0,90,42,0.03484615000009702,488.14285714285717,0.0
ab_d2,Tarrasch Defense,black,loss,0.0,71,32,0.03080743437507749,424.1875,0.0
ab_d2,Semi-Slav Defense,white,loss,0.0,94,44,0.047130311363637455,682.1590909090909,0.0
ab_d2,Semi-Slav Defense,black,loss,0.0,79,36,0.039345880555604,512.0555555555555,0.0
ab_d2,QGA (Queen's Gambit Accepted),white,win,1.0,79,38,0.042458118421085315,584.6315789473684,0.0
ab_d2,QGA (Queen's Gambit Accepted),black,draw,0.5,85,40,0.032936927499986265,439.05,0.0
ab_d2,Chigorin Defense,white,loss,0.0,40,18,0.03172033333329535,420.44444444444446,0.0
ab_d2,Chigorin Defense,black,loss,0.0,67,31,0.04201223870962079,530.5483870967741,0.0
ab_d2_ordered,Starting Position,white,win,1.0,35,18,0.04633536666672929,115.88888888888889,0.0
ab_d2_ordered,Starting Position,black,loss,0.0,113,56,0.04053024642856989,144.42857142857142,0.0
ab_d2_ordered,Italian Game,white,win,1.0,93,44,0.04685423409097728,143.5681818181818,0.0
ab_d2_ordered,Italian Game,black,loss,0.0,147,70,0.015251694285741127,60.94285714285714,0.0
ab_d2_ordered,Queen's Gambit Declined,white,loss,0.0,188,91,0.03343350000009345,112.93406593406593,0.0
ab_d2_ordered,Queen's Gambit Declined,black,loss,0.0,35,14,0.044273685714155624,124.85714285714286,0.0
ab_d2_ordered,Sicilian Defence (Najdorf),white,draw,0.5,52,21,0.06376818571433909,168.42857142857142,0.0
ab_d2_ordered,Sicilian Defence (Najdorf),black,loss,0.0,41,15,0.024182560000069013,84.6,0.0
ab_d2_ordered,French Defence (Advance),white,draw,0.5,157,76,0.03882545131577181,115.88157894736842,0.0
ab_d2_ordered,French Defence (Advance),black,loss,0.0,53,24,0.04024361250003494,129.0,0.0
ab_d2_ordered,Caro-Kann Defence,white,loss,0.0,72,33,0.050084666666683035,139.24242424242425,0.0
ab_d2_ordered,Caro-Kann Defence,black,loss,0.0,157,75,0.03796847066666184,125.76,0.0
ab_d2_ordered,Ruy Lopez (Morphy Defense),white,draw,0.5,107,51,0.02619245098041717,88.19607843137256,0.0
ab_d2_ordered,Ruy Lopez (Morphy Defense),black,loss,0.0,85,39,0.04332396153863673,151.48717948717947,0.0
ab_d2_ordered,Slav Defense,white,loss,0.0,42,19,0.04971450526318222,138.21052631578948,0.0
ab_d2_ordered,Slav Defense,black,loss,0.0,171,83,0.028831692771132386,103.40963855421687,0.0
ab_d2_ordered,King's Indian Defense,white,loss,0.0,74,35,0.03883812285712338,125.05714285714286,0.0
ab_d2_ordered,King's Indian Defense,black,loss,0.0,59,27,0.0455695962962771,141.25925925925927,0.0
ab_d2_ordered,Nimzo-Indian Defense,white,loss,0.0,62,28,0.03439840357136096,106.35714285714286,0.0
ab_d2_ordered,Nimzo-Indian Defense,black,draw,0.5,104,49,0.04983064285704818,157.57142857142858,0.0
ab_d2_ordered,English Opening (Symmetrical),white,win,1.0,93,45,0.03823929777788888,124.53333333333333,0.0
ab_d2_ordered,English Opening (Symmetrical),black,loss,0.0,61,28,0.05882381428568806,155.46428571428572,0.0
ab_d2_ordered,Grunfeld Defense,white,win,1.0,29,12,0.04284087499975916,107.75,0.0
ab_d2_ordered,Grunfeld Defense,black,win,1.0,90,42,0.04107715952367081,131.97619047619048,0.0
ab_d2_ordered,Reti Opening,white,draw,0.5,271,135,0.02885331703705392,101.92592592592592,0.0
ab_d2_ordered,Reti Opening,black,draw,0.5,125,61,0.025323155737676076,90.1311475409836,0.0
ab_d2_ordered,Alekhine's Defense,white,loss,0.0,24,10,0.02973110999982964,90.1,0.0
ab_d2_ordered,Alekhine's Defense,black,loss,0.0,53,25,0.036988856000061784,129.72,0.0
ab_d2_ordered,Modern Defense,white,loss,0.0,40,19,0.04909787894748182,154.1578947368421,0.0
ab_d2_ordered,Modern Defense,black,loss,0.0,43,20,0.03701961999990999,128.7,0.0
ab_d2_ordered,Pirc Defense,white,win,1.0,65,31,0.037835267741948266,115.03225806451613,0.0
ab_d2_ordered,Pirc Defense,black,loss,0.0,163,79,0.03633749113914401,112.10126582278481,0.0
ab_d2_ordered,Scandinavian Defense,white,draw,0.5,75,36,0.040355063888935346,118.91666666666667,0.0
ab_d2_ordered,Scandinavian Defense,black,loss,0.0,87,42,0.03806749761913254,132.14285714285714,0.0
ab_d2_ordered,Dutch Defense,white,loss,0.0,76,37,0.0543351270270668,162.9189189189189,0.0
ab_d2_ordered,Dutch Defense,black,loss,0.0,35,16,0.03132283749999942,94.75,0.0
ab_d2_ordered,Benoni Defense,white,win,1.0,41,18,0.0441617499998554,118.94444444444444,0.0
ab_d2_ordered,Benoni Defense,black,loss,0.0,129,61,0.03062684590166428,102.1311475409836,0.0
ab_d2_ordered,Benko Gambit,white,draw,0.5,117,56,0.023948607142756373,86.60714285714286,0.0
ab_d2_ordered,Benko Gambit,black,loss,0.0,217,105,0.01794845809519237,79.16190476190476,0.0
ab_d2_ordered,Vienna Game,white,loss,0.0,104,50,0.047708523999972385,135.3,0.0
ab_d2_ordered,Vienna Game,black,loss,0.0,93,44,0.0349560704544894,116.56818181818181,0.0
ab_d2_ordered,Bishop's Opening,white,loss,0.0,96,46,0.05173516956536965,146.1086956521739,0.0
ab_d2_ordered,Bishop's Opening,black,loss,0.0,45,21,0.045542752380762455,142.42857142857142,0.0
ab_d2_ordered,Four Knights Game,white,win,1.0,43,19,0.041987642105260944,129.21052631578948,0.0
ab_d2_ordered,Four Knights Game,black,loss,0.0,73,34,0.054599161764653056,163.2941176470588,0.0
ab_d2_ordered,Scotch Game,white,win,1.0,61,28,0.046758682142711096,128.96428571428572,0.0
ab_d2_ordered,Scotch Game,black,loss,0.0,59,27,0.028645488888792495,103.4074074074074,0.0
ab_d2_ordered,Philidor Defense,white,win,1.0,67,32,0.04811086875002957,128.78125,0.0
ab_d2_ordered,Philidor Defense,black,loss,0.0,83,39,0.053975635897306626,154.84615384615384,0.0
ab_d2_ordered,Petrov's Defense,white,loss,0.0,70,32,0.04997744687503314,138.03125,0.0
ab_d2_ordered,Petrov's Defense,black,loss,0.0,129,61,0.027319665573814433,92.81967213114754,0.0
ab_d2_ordered,Giuoco Piano,white,loss,0.0,64,29,0.04784483793101289,149.24137931034483,0.0
ab_d2_ordered,Giuoco Piano,black,draw,0.5,202,98,0.020974911224463856,88.23469387755102,0.0
ab_d2_ordered,Two Knights Defense,white,loss,0.0,66,29,0.03947035862074699,123.34482758620689,0.0
ab_d2_ordered,Two Knights Defense,black,draw,0.5,148,70,0.02352246999998897,91.0,0.0
ab_d2_ordered,Evan's Gambit,white,loss,0.0,104,48,0.05527166041669792,180.75,0.0
ab_d2_ordered,Evan's Gambit,black,loss,0.0,53,23,0.049304895652193925,140.95652173913044,0.0
ab_d2_ordered,King's Gambit Accepted,white,win,1.0,59,28,0.045272675000010816,123.67857142857143,0.0
ab_d2_ordered,King's Gambit Accepted,black,loss,0.0,61,28,0.05410022499998896,162.39285714285714,0.0
ab_d2_ordered,Danish Gambit,white,loss,0.0,88,41,0.035522692683049924,111.97560975609755,0.0
ab_d2_ordered,Danish Gambit,black,loss,0.0,49,22,0.051046554545585175,157.6818181818182,0.0
ab_d2_ordered,Catalan Opening,white,loss,0.0,92,44,0.030790659090970705,108.61363636363636,0.0
ab_d2_ordered,Catalan Opening,black,loss,0.0,165,80,0.026907500000015717,99.7625,0.0
ab_d2_ordered,Bogo-Indian Defense,white,draw,0.5,111,53,0.02249149999995595,85.56603773584905,0.0
ab_d2_ordered,Bogo-Indian Defense,black,loss,0.0,153,73,0.02831661780824293,104.83561643835617,0.0
ab_d2_ordered,Queen's Indian Defense,white,loss,0.0,146,70,0.018677719999959663,72.75714285714285,0.0
ab_d2_ordered,Queen's Indian Defense,black,loss,0.0,297,145,0.030145184137918165,106.59310344827587,0.0
ab_d2_ordered,Trompowsky Attack,white,loss,0.0,72,35,0.03910647999993151,129.37142857142857,0.0
ab_d2_ordered,Trompowsky Attack,black,win,1.0,66,32,0.041448484374882355,127.0,0.0
ab_d2_ordered,London System,white,loss,0.0,62,28,0.04571508571429409,151.32142857142858,0.0
ab_d2_ordered,London System,black,draw,0.5,105,50,0.03199253000000681,123.6,0.0
ab_d2_ordered,Colle System,white,draw,0.5,73,34,0.046082008823545684,163.38235294117646,0.0
ab_d2_ordered,Colle System,black,draw,0.5,160,78,0.03225766923083612,111.6025641025641,0.0
ab_d2_ordered,Torre Attack,white,loss,0.0,136,66,0.030262762121269174,88.89393939393939,0.0
ab_d2_ordered,Torre Attack,black,loss,0.0,37,16,0.036024987500013594,144.875,0.0
ab_d2_ordered,Richter-Veresov Attack,white,loss,0.0,102,49,0.03674219795914037,117.3061224489796,0.0
ab_d2_ordered,Richter-Veresov Attack,black,loss,0.0,83,39,0.03719816923071798,117.51282051282051,0.0
ab_d2_ordered,Blackmar-Diemer Gambit,white,loss,0.0,58,28,0.041850164285701145,139.42857142857142,0.0
ab_d2_ordered,Blackmar-Diemer Gambit,black,loss,0.0,161,79,0.01998306708863518,81.07594936708861,0.0
ab_d2_ordered,Bird's Opening,white,win,1.0,65,32,0.03961450625010343,115.28125,0.0
ab_d2_ordered,Bird's Opening,black,loss,0.0,175,87,0.032661429885049345,118.1264367816092,0.0
ab_d2_ordered,Larsen's Opening,white,loss,0.0,96,47,0.050928214893576025,172.14893617021278,0.0
ab_d2_ordered,Larsen's Opening,black,loss,0.0,109,54,0.027321148148210475,92.51851851851852,0.0
ab_d2_ordered,Sokolsky Opening,white,draw,0.5,98,48,0.026433862500046718,83.25,0.0
ab_d2_ordered,Sokolsky Opening,black,draw,0.5,105,52,0.0384794173076863,115.09615384615384,0.0
ab_d2_ordered,Grob's Attack,white,loss,0.0,32,15,0.02152141999989302,82.2,0.0
ab_d2_ordered,Grob's Attack,black,win,1.0,92,46,0.03804288260866799,109.54347826086956,0.0
ab_d2_ordered,Clemenz Opening,white,loss,0.0,54,26,0.0377077384614145,124.46153846153847,0.0
ab_d2_ordered,Clemenz Opening,black,win,1.0,60,30,0.046010813333305124,115.46666666666667,0.0
ab_d2_ordered,Amar Opening,white,win,1.0,47,23,0.049674469565260275,126.78260869565217,0.0
ab_d2_ordered,Amar Opening,black,loss,0.0,73,36,0.045717702777842026,130.44444444444446,0.0
ab_d2_ordered,Desprez Opening,white,loss,0.0,192,95,0.029070005263154026,115.2,0.0
ab_d2_ordered,Desprez Opening,black,loss,0.0,89,44,0.030375795454595143,106.06818181818181,0.0
ab_d2_ordered,Tarrasch Defense,white,loss,0.0,98,46,0.04396400869559922,127.17391304347827,0.0
ab_d2_ordered,Tarrasch Defense,black,loss,0.0,75,34,0.055474005882388155,145.52941176470588,0.0
ab_d2_ordered,Semi-Slav Defense,white,draw,0.5,99,47,0.03166211702119518,103.14893617021276,0.0
ab_d2_ordered,Semi-Slav Defense,black,win,1.0,74,34,0.0318339764705396,111.26470588235294,0.0
ab_d2_ordered,QGA (Queen's Gambit Accepted),white,loss,0.0,42,19,0.0435145105263808,146.1578947368421,0.0
ab_d2_ordered,QGA (Queen's Gambit Accepted),black,draw,0.5,124,60,0.03721379166666641,124.28333333333333,0.0
ab_d2_ordered,Chigorin Defense,white,win,1.0,67,32,0.027050821874922804,84.8125,0.0
ab_d2_ordered,Chigorin Defense,black,loss,0.0,37,16,0.04828660624997383,150.5625,0.0
mm_d3,Starting Position,white,loss,0.0,122,61,2.5278982049180816,39769.75409836065,0.0
mm_d3,Starting Position,black,win,1.0,78,39,2.047849410256463,31817.30769230769,0.0
mm_d3,Italian Game,white,loss,0.0,134,64,1.2529226156249251,19562.421875,0.0
mm_d3,Italian Game,black,loss,0.0,101,47,1.720094251063877,27174.893617021276,0.0
mm_d3,Queen's Gambit Declined,white,win,1.0,31,13,3.6767062153846313,56803.46153846154,0.0
mm_d3,Queen's Gambit Declined,black,loss,0.0,29,11,1.9784229727272924,30648.727272727272,0.0
mm_d3,Sicilian Defence (Najdorf),white,loss,0.0,132,61,1.3493468950819376,21180.77049180328,0.0
mm_d3,Sicilian Defence (Najdorf),black,win,1.0,106,48,1.903420341666731,30409.3125,0.0
mm_d3,French Defence (Advance),white,win,1.0,51,23,1.6403698565218292,25776.521739130436,0.0
mm_d3,French Defence (Advance),black,loss,0.0,57,26,2.058339069230792,31265.23076923077,0.0
mm_d3,Caro-Kann Defence,white,loss,0.0,62,28,1.1872005500000407,19090.0,0.0
mm_d3,Caro-Kann Defence,black,win,1.0,82,38,2.613397339473618,41421.89473684211,0.0
mm_d3,Ruy Lopez (Morphy Defense),white,win,1.0,85,40,2.3896773000000393,35501.425,0.0
mm_d3,Ruy Lopez (Morphy Defense),black,win,1.0,88,41,2.491001417073188,38372.14634146341,0.0
mm_d3,Slav Defense,white,win,1.0,91,44,1.8352935227272942,27984.43181818182,0.0
mm_d3,Slav Defense,black,loss,0.0,119,57,1.895664407017632,29839.0,0.0
mm_d3,King's Indian Defense,white,win,1.0,95,46,2.7574711391304807,41204.34782608696,0.0
mm_d3,King's Indian Defense,black,draw,0.5,69,32,2.809706565625021,44704.1875,0.0
mm_d3,Nimzo-Indian Defense,white,draw,0.5,219,107,0.793550745794385,12377.663551401869,0.0
mm_d3,Nimzo-Indian Defense,black,loss,0.0,177,85,0.9526933247058289,14883.29411764706,0.0
mm_d3,English Opening (Symmetrical),white,loss,0.0,110,53,1.4198660207546983,21952.490566037737,0.0
mm_d3,English Opening (Symmetrical),black,loss,0.0,57,26,2.046819719230755,31478.96153846154,0.0
mm_d3,Grunfeld Defense,white,loss,0.0,112,53,1.0238550962265367,15911.358490566037,0.0
mm_d3,Grunfeld Defense,black,loss,0.0,51,22,2.662742454545506,40332.045454545456,0.0
mm_d3,Reti Opening,white,loss,0.0,82,40,2.248311155000033,33384.65,0.0
mm_d3,Reti Opening,black,draw,0.5,132,65,1.999141276923113,30543.815384615384,0.0
mm_d3,Alekhine's Defense,white,draw,0.5,103,50,1.757831265999939,27005.7,0.0
mm_d3,Alekhine's Defense,black,loss,0.0,119,58,1.674269020689688,26120.327586206895,0.0
mm_d3,Modern Defense,white,loss,0.0,118,58,3.0742390086206797,50140.98275862069,0.0
mm_d3,Modern Defense,black,draw,0.5,181,89,1.0963603764044778,17578.157303370786,0.0
mm_d3,Pirc Defense,white,win,1.0,37,17,2.6541975529412145,38317.294117647056,0.0
mm_d3,Pirc Defense,black,loss,0.0,73,34,2.2712796794117445,37221.91176470588,0.0
mm_d3,Scandinavian Defense,white,loss,0.0,162,79,0.8068140898734598,12944.189873417721,0.0
mm_d3,Scandinavian Defense,black,loss,0.0,179,88,1.2030927761363315,19363.965909090908,0.0
mm_d3,Dutch Defense,white,loss,0.0,228,113,0.5815112407079511,9156.12389380531,0.0
mm_d3,Dutch Defense,black,draw,0.5,143,70,1.1920679299999912,19181.957142857143,0.0
mm_d3,Benoni Defense,white,loss,0.0,62,28,2.07072004642857,32678.928571428572,0.0
mm_d3,Benoni Defense,black,draw,0.5,171,82,0.6752040292683044,10964.865853658537,0.0
mm_d3,Benko Gambit,white,win,1.0,75,35,1.7779136457143458,28361.285714285714,0.0
mm_d3,Benko Gambit,black,loss,0.0,77,35,2.564487871428615,40541.02857142857,0.0
mm_d3,Vienna Game,white,loss,0.0,104,50,1.670304911999956,25287.62,0.0
mm_d3,Vienna Game,black,draw,0.5,170,83,1.0459607000000535,16661.78313253012,0.0
mm_d3,Bishop's Opening,white,draw,0.5,173,85,1.2401119623528918,19467.835294117645,0.0
mm_d3,Bishop's Opening,black,loss,0.0,61,29,2.230696158620519,34938.48275862069,0.0
mm_d3,Four Knights Game,white,win,1.0,31,13,2.2123272230769193,33314.53846153846,0.0
mm_d3,Four Knights Game,black,loss,0.0,75,35,2.1872541714285294,34275.25714285715,0.0
mm_d3,Scotch Game,white,draw,0.5,159,77,1.5427995740260072,24124.77922077922,0.0
mm_d3,Scotch Game,black,draw,0.5,103,49,3.2460879591836247,54241.183673469386,0.0
mm_d3,Philidor Defense,white,win,1.0,71,34,1.848293076470541,29312.323529411766,0.0
mm_d3,Philidor Defense,black,win,1.0,60,28,2.13578645357133,33218.142857142855,0.0
mm_d3,Petrov's Defense,white,loss,0.0,102,48,2.5044178166666407,38897.020833333336,0.0
mm_d3,Petrov's Defense,black,loss,0.0,81,37,2.05540782162154,32395.054054054053,0.0
mm_d3,Giuoco Piano,white,draw,0.5,85,40,1.6047199300000785,24192.05,0.0
mm_d3,Giuoco Piano,black,draw,0.5,101,47,1.5389187382979992,24025.531914893618,0.0
mm_d3,Two Knights Defense,white,win,1.0,45,19,2.9590020263159253,45118.89473684211,0.0
mm_d3,Two Knights Defense,black,draw,0.5,67,29,1.524519137931089,23045.241379310344,0.0
mm_d3,Evan's Gambit,white,loss,0.0,34,13,1.960377846153908,29264.923076923078,0.0
mm_d3,Evan's Gambit,black,win,1.0,54,24,3.6589023333332684,56936.25,0.0
mm_d3,King's Gambit Accepted,white,win,1.0,57,27,3.1330168592592735,47628.88888888889,0.0
mm_d3,King's Gambit Accepted,black,win,1.0,68,32,2.4296902999999475,38803.15625,0.0
mm_d3,Danish Gambit,white,loss,0.0,40,17,2.105072964705976,32600.41176470588,0.0
mm_d3,Danish Gambit,black,win,1.0,64,30,3.118561500000154,49819.8,0.0
mm_d3,Catalan Opening,white,loss,0.0,114,55,1.573693316363609,24493.49090909091,0.0
mm_d3,Catalan Opening,black,loss,0.0,67,31,3.2749652967742158,52454.032258064515,0.0
mm_d3,Bogo-Indian Defense,white,loss,0.0,84,39,2.8050648358974706,42553.58974358974,0.0
mm_d3,Bogo-Indian Defense,black,loss,0.0,73,33,2.2884841757574272,36513.454545454544,0.0
mm_d3,Queen's Indian Defense,white,draw,0.5,107,51,1.516834041176391,23237.13725490196,0.0
mm_d3,Queen's Indian Defense,black,draw,0.5,150,72,1.8618719625000166,30389.083333333332,0.0
mm_d3,Trompowsky Attack,white,loss,0.0,98,48,3.292430185416644,50047.166666666664,0.0
mm_d3,Trompowsky Attack,black,win,1.0,34,16,2.204420937499947,34682.3125,0.0
mm_d3,London System,white,loss,0.0,62,28,2.172760667857022,33675.892857142855,0.0
mm_d3,London System,black,draw,0.5,137,66,1.1246174712120702,17809.227272727272,0.0
mm_d3,Colle System,white,loss,0.0,48,21,2.5841661809523604,39721.619047619046,0.0
mm_d3,Colle System,black,loss,0.0,139,67,1.3218659164179358,22005.805970149253,0.0
mm_d3,Torre Attack,white,loss,0.0,60,28,3.432511675000017,53656.78571428572,0.0
mm_d3,Torre Attack,black,loss,0.0,191,93,1.2934781870967282,20519.236559139787,0.0
mm_d3,Richter-Veresov Attack,white,win,1.0,71,34,2.451717891176486,38475.55882352941,0.0
mm_d3,Richter-Veresov Attack,black,win,1.0,56,26,2.571363646153958,40653.42307692308,0.0
mm_d3,Blackmar-Diemer Gambit,white,loss,0.0,182,90,1.0436779811111694,16939.733333333334,0.0
mm_d3,Blackmar-Diemer Gambit,black,win,1.0,32,15,2.841644753333215,44727.2,0.0
mm_d3,Bird's Opening,white,loss,0.0,118,58,3.040154739655197,47019.98275862069,0.0
mm_d3,Bird's Opening,black,loss,0.0,59,29,2.0950723310345047,32420.310344827587,0.0
mm_d3,Larsen's Opening,white,win,1.0,61,30,2.6837387433332878,40670.066666666666,0.0
mm_d3,Larsen's Opening,black,loss,0.0,81,40,2.3385873049999417,36984.775,0.0
mm_d3,Sokolsky Opening,white,draw,0.5,108,53,1.6246284301886984,26146.056603773584,0.0
mm_d3,Sokolsky Opening,black,loss,0.0,107,53,1.7571098113207624,27937.830188679247,0.0
mm_d3,Grob's Attack,white,loss,0.0,84,41,1.8084046292683191,28916.634146341465,0.0
mm_d3,Grob's Attack,black,win,1.0,54,27,1.3835580999999297,20961.40740740741,0.0
mm_d3,Clemenz Opening,white,win,1.0,57,28,2.4202747107142386,38024.5,0.0
mm_d3,Clemenz Opening,black,draw,0.5,76,38,2.4961592105262898,38820.71052631579,0.0
mm_d3,Amar Opening,white,win,1.0,41,20,3.0464204299999436,46041.35,0.0
mm_d3,Amar Opening,black,loss,0.0,79,39,2.972469897435915,43738.35897435898,0.0
mm_d3,Desprez Opening,white,win,1.0,83,41,1.8555190439024378,27936.853658536584,0.0
mm_d3,Desprez Opening,black,win,1.0,92,46,2.4547482869564825,35853.52173913043,0.0
mm_d3,Tarrasch Defense,white,loss,0.0,20,7,2.21570652857177,33226.28571428572,0.0
mm_d3,Tarrasch Defense,black,loss,0.0,181,87,1.9406265793103734,26464.620689655174,0.0
mm_d3,Semi-Slav Defense,white,loss,0.0,156,75,1.6035801693333391,22013.293333333335,0.0
mm_d3,Semi-Slav Defense,black,loss,0.0,67,30,2.1763902266666264,30190.2,0.0
mm_d3,QGA (Queen's Gambit Accepted),white,draw,0.5,155,76,2.253214019736896,30132.934210526317,0.0
mm_d3,QGA (Queen's Gambit Accepted),black,loss,0.0,31,13,3.1591767153846515,43640.61538461538,0.0
mm_d3,Chigorin Defense,white,draw,0.5,85,41,2.740299670731652,36245.170731707316,0.0
mm_d3,Chigorin Defense,black,loss,0.0,57,26,3.404718069230722,45768.692307692305,0.0
ab_d3,Starting Position,white,win,1.0,71,36,0.33055026944442845,4378.583333333333,0.0
ab_d3,Starting Position,black,draw,0.5,112,56,0.4586109339285583,6143.071428571428,0.0
ab_d3,Italian Game,white,win,1.0,53,24,0.595137437499981,7602.708333333333,0.0
ab_d3,Italian Game,black,loss,0.0,119,56,0.5222237839286014,7137.785714285715,0.0
ab_d3,Queen's Gambit Declined,white,loss,0.0,136,65,0.313644147692349,4145.046153846154,0.0
ab_d3,Queen's Gambit Declined,black,win,1.0,58,26,0.43782364999997997,6007.5,0.0
ab_d3,Sicilian Defence (Najdorf),white,draw,0.5,184,87,0.29500860459769496,3880.1609195402298,0.0
ab_d3,Sicilian Defence (Najdorf),black,draw,0.5,77,33,0.48961182727268326,6398.727272727273,0.0
ab_d3,French Defence (Advance),white,win,1.0,85,40,0.6129246699999384,7921.95,0.0
ab_d3,French Defence (Advance),black,loss,0.0,51,23,0.2376054782608939,2871.913043478261,0.0
ab_d3,Caro-Kann Defence,white,loss,0.0,108,51,0.3109109196078255,4181.862745098039,0.0
ab_d3,Caro-Kann Defence,black,draw,0.5,293,143,0.25871830839164783,3433.916083916084,0.0
ab_d3,Ruy Lopez (Morphy Defense),white,loss,0.0,148,71,0.3054299197182842,3907.9014084507044,0.0
ab_d3,Ruy Lopez (Morphy Defense),black,win,1.0,110,52,0.8624398038462004,11176.538461538461,0.0
ab_d3,Slav Defense,white,win,1.0,157,77,0.34605070649349845,4437.675324675325,0.0
ab_d3,Slav Defense,black,loss,0.0,199,97,0.3418440319588045,4361.020618556701,0.0
ab_d3,King's Indian Defense,white,loss,0.0,260,128,0.216483992968719,2827.0546875,0.0
ab_d3,King's Indian Defense,black,draw,0.5,117,56,0.3142609946429502,4018.1785714285716,0.0
ab_d3,Nimzo-Indian Defense,white,loss,0.0,150,72,0.29437776944447097,3704.4861111111113,0.0
ab_d3,Nimzo-Indian Defense,black,loss,0.0,45,19,0.46481768421055775,5658.315789473684,0.0
ab_d3,English Opening (Symmetrical),white,win,1.0,55,26,0.46151970384621915,5551.192307692308,0.0
ab_d3,English Opening (Symmetrical),black,loss,0.0,99,47,0.3878983021276268,4811.106382978724,0.0
ab_d3,Grunfeld Defense,white,loss,0.0,144,69,0.34362956231885566,4373.391304347826,0.0
ab_d3,Grunfeld Defense,black,loss,0.0,135,64,0.31553102031246283,4213.546875,0.0
ab_d3,Reti Opening,white,win,1.0,163,81,0.36637399629624406,4634.037037037037,0.0
ab_d3,Reti Opening,black,loss,0.0,123,60,0.6971664416667409,9288.983333333334,0.0
ab_d3,Alekhine's Defense,white,loss,0.0,84,40,0.6964626300000191,8834.375,0.0
ab_d3,Alekhine's Defense,black,loss,0.0,111,54,0.3118578925926461,3991.6481481481483,0.0
ab_d3,Modern Defense,white,win,1.0,61,30,0.3031735766666316,3848.3,0.0
ab_d3,Modern Defense,black,loss,0.0,93,45,0.6291067977776846,7982.977777777778,0.0
ab_d3,Pirc Defense,white,win,1.0,17,7,0.44180857142847735,5273.857142857143,0.0
ab_d3,Pirc Defense,black,win,1.0,62,29,0.558091627586158,6935.0,0.0
ab_d3,Scandinavian Defense,white,draw,0.5,126,61,0.42922351639336725,5338.327868852459,0.0
ab_d3,Scandinavian Defense,black,loss,0.0,65,31,0.5829359677419498,7267.129032258064,0.0
ab_d3,Dutch Defense,white,loss,0.0,174,86,0.1467115581395499,1843.860465116279,0.0
ab_d3,Dutch Defense,black,loss,0.0,163,80,0.18935869624999668,2494.25,0.0
ab_d3,Benoni Defense,white,draw,0.5,61,28,0.6026880250000042,7467.071428571428,0.0
ab_d3,Benoni Defense,black,loss,0.0,173,83,0.26102768674701954,3402.9397590361446,0.0
ab_d3,Benko Gambit,white,win,1.0,55,25,0.6419929639999827,7959.52,0.0
ab_d3,Benko Gambit,black,loss,0.0,131,62,0.35482530483866337,4622.870967741936,0.0
ab_d3,Vienna Game,white,loss,0.0,108,52,0.5270108076923722,6428.192307692308,0.0
ab_d3,Vienna Game,black,draw,0.5,109,52,0.3510311115384096,4367.307692307692,0.0
ab_d3,Bishop's Opening,white,loss,0.0,72,34,0.6189216205881862,7568.676470588235,0.0
ab_d3,Bishop's Opening,black,win,1.0,72,35,0.45271829428571175,5737.685714285714,0.0
ab_d3,Four Knights Game,white,loss,0.0,84,39,0.5372580769230925,6805.615384615385,0.0
ab_d3,Four Knights Game,black,loss,0.0,189,92,0.20086134565223762,2572.6195652173915,0.0
ab_d3,Scotch Game,white,draw,0.5,208,101,0.2821818475247728,3729.29702970297,0.0
ab_d3,Scotch Game,black,win,1.0,92,44,0.2693029999999536,3375.3863636363635,0.0
ab_d3,Philidor Defense,white,draw,0.5,167,82,0.37219660731700904,4633.073170731707,0.0
ab_d3,Philidor Defense,black,win,1.0,68,32,0.846560084374886,10698.25,0.0
ab_d3,Petrov's Defense,white,loss,0.0,116,55,0.4517921799999716,5638.745454545455,0.0
ab_d3,Petrov's Defense,black,loss,0.0,43,18,1.0929986888889591,13631.555555555555,0.0
ab_d3,Giuoco Piano,white,draw,0.5,119,57,0.19918016315795398,2522.877192982456,0.0
ab_d3,Giuoco Piano,black,win,1.0,80,37,0.40068168108096086,5079.459459459459,0.0
ab_d3,Two Knights Defense,white,draw,0.5,110,51,0.24503001960783877,3107.4901960784314,0.0
ab_d3,Two Knights Defense,black,win,1.0,74,33,0.7306900545455033,8989.969696969696,0.0
ab_d3,Evan's Gambit,white,loss,0.0,218,105,0.1752642142857353,2120.2,0.0
ab_d3,Evan's Gambit,black,draw,0.5,172,83,0.27096642891567435,3306.5060240963853,0.0
ab_d3,King's Gambit Accepted,white,loss,0.0,144,70,0.26427991142862606,3121.342857142857,0.0
ab_d3,King's Gambit Accepted,black,win,1.0,52,24,0.8665657958333289,9462.583333333334,0.0
ab_d3,Danish Gambit,white,draw,0.5,78,36,0.659705430555429,7320.638888888889,0.0
ab_d3,Danish Gambit,black,draw,0.5,50,23,0.7536187478261759,8335.04347826087,0.0
ab_d3,Catalan Opening,white,draw,0.5,65,31,0.6264126612903994,6696.5161290322585,0.0
ab_d3,Catalan Opening,black,draw,0.5,102,49,0.3358608571427664,3709.7551020408164,0.0
ab_d3,Bogo-Indian Defense,white,win,1.0,85,40,0.5151991375000307,5459.15,0.0
ab_d3,Bogo-Indian Defense,black,loss,0.0,195,94,0.512351124468112,6340.159574468085,0.0
ab_d3,Queen's Indian Defense,white,win,1.0,99,47,0.5115874787233553,5761.021276595745,0.0
ab_d3,Queen's Indian Defense,black,loss,0.0,73,33,0.81988389090902,9931.636363636364,0.0
ab_d3,Trompowsky Attack,white,loss,0.0,104,51,0.593459717647081,7132.058823529412,0.0
ab_d3,Trompowsky Attack,black,loss,0.0,149,73,0.45664054520544245,5665.438356164384,0.0
ab_d3,London System,white,loss,0.0,170,82,0.2083109182926486,2675.1463414634145,0.0
ab_d3,London System,black,win,1.0,56,26,0.9223564038461168,11832.384615384615,0.0
ab_d3,Colle System,white,win,1.0,45,20,0.798884790000011,9808.1,0.0
ab_d3,Colle System,black,loss,0.0,77,36,0.29986582222222247,3736.6944444444443,0.0
ab_d3,Torre Attack,white,loss,0.0,248,122,0.2974320983606526,3804.77868852459,0.0
ab_d3,Torre Attack,black,win,1.0,68,32,0.6311386531250491,8011.46875,0.0
ab_d3,Richter-Veresov Attack,white,win,1.0,65,31,0.4098648322580571,5292.451612903225,0.0
ab_d3,Richter-Veresov Attack,black,loss,0.0,113,54,0.15050622222214668,1943.462962962963,0.0
ab_d3,Blackmar-Diemer Gambit,white,win,1.0,55,27,0.3868772888888122,4737.851851851852,0.0
ab_d3,Blackmar-Diemer Gambit,black,loss,0.0,83,40,0.7775044775000197,9837.075,0.0
ab_d3,Bird's Opening,white,draw,0.5,145,72,0.323708148611129,4035.472222222222,0.0
ab_d3,Bird's Opening,black,draw,0.5,148,74,0.3096087405405145,3923.9054054054054,0.0
ab_d3,Larsen's Opening,white,loss,0.0,62,30,0.5456860666667126,6731.8,0.0
ab_d3,Larsen's Opening,black,draw,0.5,193,96,0.35187212395838213,4508.208333333333,0.0
ab_d3,Sokolsky Opening,white,loss,0.0,210,104,0.22730626346150565,2904.4134615384614,0.0
ab_d3,Sokolsky Opening,black,draw,0.5,205,102,0.268068794117595,3519.9803921568628,0.0
ab_d3,Grob's Attack,white,loss,0.0,56,27,0.2720525666667594,3376.8518518518517,0.0
ab_d3,Grob's Attack,black,win,1.0,96,48,0.38848082500000675,4785.145833333333,0.0
ab_d3,Clemenz Opening,white,loss,0.0,88,43,0.8202572302325702,9797.883720930233,0.0
ab_d3,Clemenz Opening,black,win,1.0,70,35,0.7101727257142816,9109.457142857143,0.0
ab_d3,Amar Opening,white,loss,0.0,76,37,0.2807071081081852,3439.4054054054054,0.0
ab_d3,Amar Opening,black,win,1.0,86,43,0.6494058465115686,7925.093023255814,0.0
ab_d3,Desprez Opening,white,draw,0.5,115,57,0.7323323385963911,8597.61403508772,0.0
ab_d3,Desprez Opening,black,loss,0.0,199,99,0.19904928484846446,2472.2020202020203,0.0
ab_d3,Tarrasch Defense,white,loss,0.0,140,67,0.2523084746268856,3103.283582089552,0.0
ab_d3,Tarrasch Defense,black,draw,0.5,165,79,0.1684427050632863,2185.227848101266,0.0
ab_d3,Semi-Slav Defense,white,win,1.0,55,25,0.3963164199998937,4746.04,0.0
ab_d3,Semi-Slav Defense,black,loss,0.0,133,63,0.3498563015873226,3985.6031746031745,0.0
ab_d3,QGA (Queen's Gambit Accepted),white,loss,0.0,104,50,0.6180601159999969,7150.46,0.0
ab_d3,QGA (Queen's Gambit Accepted),black,win,1.0,44,20,0.6978280649999761,8229.6,0.0
ab_d3,Chigorin Defense,white,loss,0.0,118,57,0.3462830421053137,3913.3508771929824,0.0
ab_d3,Chigorin Defense,black,draw,0.5,101,48,0.31243570208321597,3680.7083333333335,0.0
ab_d3_ordered,Starting Position,white,win,1.0,99,50,0.21800284799999645,1130.3,0.0
ab_d3_ordered,Starting Position,black,loss,0.0,55,27,0.3304565629629603,1168.8148148148148,0.0
ab_d3_ordered,Italian Game,white,loss,0.0,58,26,0.3514583461537768,1531.1538461538462,0.0
ab_d3_ordered,Italian Game,black,draw,0.5,137,65,0.18444715076924556,781.3230769230769,0.0
ab_d3_ordered,Queen's Gambit Declined,white,win,1.0,25,10,0.2418730699999287,1272.5,0.0
ab_d3_ordered,Queen's Gambit Declined,black,loss,0.0,101,47,0.19951335957449237,742.7234042553191,0.0
ab_d3_ordered,Sicilian Defence (Najdorf),white,win,1.0,51,21,0.5199013285714283,3044.6666666666665,0.0
ab_d3_ordered,Sicilian Defence (Najdorf),black,win,1.0,88,39,0.25921502051273704,1152.4615384615386,0.0
ab_d3_ordered,French Defence (Advance),white,loss,0.0,172,83,0.19339722289153663,862.5421686746988,0.0
ab_d3_ordered,French Defence (Advance),black,draw,0.5,151,73,0.1381945794521066,648.9589041095891,0.0
ab_d3_ordered,Caro-Kann Defence,white,draw,0.5,159,77,0.1895744246753861,911.7012987012987,0.0
ab_d3_ordered,Caro-Kann Defence,black,loss,0.0,125,59,0.27261750677957086,1513.1186440677966,0.0
ab_d3_ordered,Ruy Lopez (Morphy Defense),white,loss,0.0,110,52,0.3924818596154077,1493.0192307692307,0.0
ab_d3_ordered,Ruy Lopez (Morphy Defense),black,draw,0.5,144,69,0.1956431768115879,1036.144927536232,0.0
ab_d3_ordered,Slav Defense,white,win,1.0,35,16,0.2830468687499206,1775.8125,0.0
ab_d3_ordered,Slav Defense,black,loss,0.0,81,38,0.21659007894736773,961.3157894736842,0.0
ab_d3_ordered,King's Indian Defense,white,draw,0.5,184,90,0.10177335222224429,514.4444444444445,0.0
ab_d3_ordered,King's Indian Defense,black,loss,0.0,159,77,0.12948429610391882,584.2337662337662,0.0
ab_d3_ordered,Nimzo-Indian Defense,white,loss,0.0,72,33,0.3348994757575521,1480.060606060606,0.0
ab_d3_ordered,Nimzo-Indian Defense,black,draw,0.5,145,69,0.143276453623187,636.4202898550725,0.0
ab_d3_ordered,English Opening (Symmetrical),white,loss,0.0,132,64,0.165876253124992,844.0625,0.0
ab_d3_ordered,English Opening (Symmetrical),black,loss,0.0,109,52,0.19606779615390643,751.3846153846154,0.0
ab_d3_ordered,Grunfeld Defense,white,loss,0.0,58,26,0.2960963499999707,1350.7692307692307,0.0
ab_d3_ordered,Grunfeld Defense,black,loss,0.0,151,72,0.16047670555552587,704.6388888888889,0.0
ab_d3_ordered,Reti Opening,white,win,1.0,45,22,0.3217051227271771,1645.409090909091,0.0
ab_d3_ordered,Reti Opening,black,win,1.0,76,37,0.25244029189200995,1105.8108108108108,0.0
ab_d3_ordered,Alekhine's Defense,white,win,1.0,55,26,0.28242346153862086,1635.2307692307693,0.0
ab_d3_ordered,Alekhine's Defense,black,loss,0.0,113,55,0.15752613272725285,673.8545454545455,0.0
ab_d3_ordered,Modern Defense,white,loss,0.0,154,76,0.16330269868418376,835.75,0.0
ab_d3_ordered,Modern Defense,black,loss,0.0,49,23,0.22823908260868295,1187.0434782608695,0.0
ab_d3_ordered,Pirc Defense,white,loss,0.0,84,40,0.1997632974999533,980.7,0.0
ab_d3_ordered,Pirc Defense,black,loss,0.0,63,29,0.21739476551713247,910.4137931034483,0.0
ab_d3_ordered,Scandinavian Defense,white,loss,0.0,90,43,0.1212846558139782,664.1395348837209,0.0
ab_d3_ordered,Scandinavian Defense,black,draw,0.5,128,63,0.2642680031746735,1272.063492063492,0.0
ab_d3_ordered,Dutch Defense,white,win,1.0,57,28,0.4192556607143355,2529.8214285714284,0.0
ab_d3_ordered,Dutch Defense,black,loss,0.0,43,20,0.20306261500013534,844.1,0.0
ab_d3_ordered,Benoni Defense,white,draw,0.5,47,21,0.27965109047623365,1225.7619047619048,0.0
ab_d3_ordered,Benoni Defense,black,draw,0.5,209,101,0.08884987821783406,453.35643564356434,0.0
ab_d3_ordered,Benko Gambit,white,loss,0.0,76,35,0.26223106857149625,1312.6571428571428,0.0
ab_d3_ordered,Benko Gambit,black,win,1.0,54,24,0.37775892916662696,2120.2083333333335,0.0
ab_d3_ordered,Vienna Game,white,draw,0.5,184,90,0.09669279444441499,541.6777777777778,0.0
ab_d3_ordered,Vienna Game,black,loss,0.0,101,48,0.2374834687500993,972.7291666666666,0.0
ab_d3_ordered,Bishop's Opening,white,win,1.0,63,30,0.3268493366667523,1706.6,0.0
ab_d3_ordered,Bishop's Opening,black,loss,0.0,93,45,0.4542663711111648,2184.4,0.0
ab_d3_ordered,Four Knights Game,white,loss,0.0,66,30,0.19937893666674428,994.3,0.0
ab_d3_ordered,Four Knights Game,black,loss,0.0,51,23,0.17639360869571133,680.6086956521739,0.0
ab_d3_ordered,Scotch Game,white,win,1.0,187,91,0.10454944395601509,606.4505494505495,0.0
ab_d3_ordered,Scotch Game,black,win,1.0,114,55,0.21002372909092215,1391.709090909091,0.0
ab_d3_ordered,Philidor Defense,white,win,1.0,51,24,0.4213121958333659,1816.375,0.0
ab_d3_ordered,Philidor Defense,black,loss,0.0,99,47,0.19411183829793408,883.7446808510638,0.0
ab_d3_ordered,Petrov's Defense,white,draw,0.5,84,39,0.20240658974349712,1146.4615384615386,0.0
ab_d3_ordered,Petrov's Defense,black,draw,0.5,93,43,0.1525859372093607,771.4186046511628,0.0
ab_d3_ordered,Giuoco Piano,white,win,1.0,43,19,0.18248230526320472,948.2631578947369,0.0
ab_d3_ordered,Giuoco Piano,black,loss,0.0,197,95,0.11072576631581078,468.0421052631579,0.0
ab_d3_ordered,Two Knights Defense,white,win,1.0,77,35,0.2025988114286,1252.4,0.0
ab_d3_ordered,Two Knights Defense,black,loss,0.0,139,65,0.20818980769233278,1041.0923076923077,0.0
ab_d3_ordered,Evan's Gambit,white,win,1.0,57,25,0.24210470800000622,1264.44,0.0
ab_d3_ordered,Evan's Gambit,black,win,1.0,68,31,0.245112158064565,1315.0645161290322,0.0
ab_d3_ordered,King's Gambit Accepted,white,loss,0.0,148,72,0.20018922361109365,923.7638888888889,0.0
ab_d3_ordered,King's Gambit Accepted,black,loss,0.0,45,20,0.19803882999999586,1093.15,0.0
ab_d3_ordered,Danish Gambit,white,loss,0.0,46,20,0.281206340000017,1373.2,0.0
ab_d3_ordered,Danish Gambit,black,loss,0.0,69,32,0.37385320312492354,1752.59375,0.0
ab_d3_ordered,Catalan Opening,white,win,1.0,61,29,0.3724091655173244,1880.896551724138,0.0
ab_d3_ordered,Catalan Opening,black,loss,0.0,85,40,0.27335414750016296,1229.725,0.0
ab_d3_ordered,Bogo-Indian Defense,white,draw,0.5,102,48,0.25560033333330995,1588.1875,0.0
ab_d3_ordered,Bogo-Indian Defense,black,win,1.0,86,40,0.360835424999982,1637.75,0.0
ab_d3_ordered,Queen's Indian Defense,white,draw,0.5,97,46,0.1444112608695753,707.2826086956521,0.0
ab_d3_ordered,Queen's Indian Defense,black,loss,0.0,63,28,0.2460797928571797,1131.607142857143,0.0
ab_d3_ordered,Trompowsky Attack,white,loss,0.0,106,52,0.18817487500001123,960.0576923076923,0.0
ab_d3_ordered,Trompowsky Attack,black,loss,0.0,57,27,0.20115351111097104,866.3333333333334,0.0
ab_d3_ordered,London System,white,draw,0.5,29,12,0.3699515999997705,1790.0833333333333,0.0
ab_d3_ordered,London System,black,loss,0.0,145,70,0.18935748999995536,929.1,0.0
ab_d3_ordered,Colle System,white,loss,0.0,156,75,0.1917140600000251,868.9066666666666,0.0
ab_d3_ordered,Colle System,black,loss,0.0,215,105,0.09761788666668768,494.54285714285714,0.0
ab_d3_ordered,Torre Attack,white,loss,0.0,38,17,0.2935936882354059,1368.7058823529412,0.0
ab_d3_ordered,Torre Attack,black,win,1.0,60,28,0.2373929464284694,1332.25,0.0
ab_d3_ordered,Richter-Veresov Attack,white,draw,0.5,113,55,0.19191771454545895,910.4181818181818,0.0
ab_d3_ordered,Richter-Veresov Attack,black,loss,0.0,97,46,0.26543605869574094,1361.4782608695652,0.0
ab_d3_ordered,Blackmar-Diemer Gambit,white,draw,0.5,117,58,0.16130898103445926,710.9655172413793,0.0
ab_d3_ordered,Blackmar-Diemer Gambit,black,loss,0.0,49,23,0.22503356086959367,1063.7826086956522,0.0
ab_d3_ordered,Bird's Opening,white,win,1.0,163,81,0.22245538765426676,947.2098765432099,0.0
ab_d3_ordered,Bird's Opening,black,loss,0.0,87,43,0.3058873279070572,1306.6976744186047,0.0
ab_d3_ordered,Larsen's Opening,white,win,1.0,79,39,0.45722717692308673,2520.1794871794873,0.0
ab_d3_ordered,Larsen's Opening,black,loss,0.0,109,54,0.2604688999999612,1247.2777777777778,0.0
ab_d3_ordered,Sokolsky Opening,white,win,1.0,83,41,0.2661729390243503,1114.2682926829268,0.0
ab_d3_ordered,Sokolsky Opening,black,loss,0.0,149,74,0.19135322162165302,815.7702702702703,0.0
ab_d3_ordered,Grob's Attack,white,win,1.0,47,23,0.2719845217391633,1530.4782608695652,0.0
ab_d3_ordered,Grob's Attack,black,loss,0.0,59,29,0.32632152413783655,1252.4827586206898,0.0
ab_d3_ordered,Clemenz Opening,white,loss,0.0,60,29,0.3992047620690285,1652.448275862069,0.0
ab_d3_ordered,Clemenz Opening,black,win,1.0,62,31,0.4647493645162256,3059.032258064516,0.0
ab_d3_ordered,Amar Opening,white,loss,0.0,224,111,0.12234495135132281,544.7837837837837,0.0
ab_d3_ordered,Amar Opening,black,loss,0.0,159,79,0.11719730506328106,484.2911392405063,0.0
ab_d3_ordered,Desprez Opening,white,win,1.0,45,22,0.3381369227272444,1825.909090909091,0.0
ab_d3_ordered,Desprez Opening,black,win,1.0,96,48,0.2432332812500325,1184.6041666666667,0.0
ab_d3_ordered,Tarrasch Defense,white,loss,0.0,146,70,0.15647228999999113,797.7857142857143,0.0
ab_d3_ordered,Tarrasch Defense,black,win,1.0,88,41,0.20820868048783112,1427.780487804878,0.0
ab_d3_ordered,Semi-Slav Defense,white,win,1.0,45,20,0.36961902500006544,1848.05,0.0
ab_d3_ordered,Semi-Slav Defense,black,loss,0.0,159,76,0.22429580526309828,1380.1315789473683,0.0
ab_d3_ordered,QGA (Queen's Gambit Accepted),white,loss,0.0,174,85,0.1090915494117593,673.9176470588235,0.0
ab_d3_ordered,QGA (Queen's Gambit Accepted),black,loss,0.0,41,18,0.22930159444437473,1067.9444444444443,0.0
ab_d3_ordered,Chigorin Defense,white,loss,0.0,136,66,0.12392503636368873,701.3787878787879,0.0
ab_d3_ordered,Chigorin Defense,black,draw,0.5,129,62,0.10879106935481692,646.2741935483871,0.0
